{
  "Version": "1.0",
  "CreatedAt": "2025-09-08T23:56:08.7534808+07:00",
  "SavedAt": "2025-09-08T23:56:08.7534968+07:00",
  "OutputDirectory": null,
  "DataItems": [
    {
      "Id": "0211372d-4daf-4c87-a2ce-64fc4f077f3c",
      "Content": "opiniones en todo el mundo. Desde el fin del monopolio de la verdad católica hasta la apertura a la diversidad de género, exploraremos qué significa este cambio histórico para la fe y el futuro de la Iglesia.",
      "Status": "Chưa xử lý",
      "ApiKey": null,
      "ProxyKey": null,
      "FileName": "audio_1.mp3",
      "HasSRT": false,
      "IsSelected": false,
      "CharacterCount": 208,
      "VoiceId": "9BWtsMINqrJLrRacOk9x"
    },
    {
      "Id": "b9896d1f-6115-4c79-8fe7-592012fbf4f4",
      "Content": "Si les parece interesante, no olviden suscribirse al canal para no perderse nuestros próximos videos. ¡Comencemos! Dịch sang tiếng Việt (để kiểm tra): Xin chào mọi người, chúc mọi người một ngày tuyệt vời!",
      "Status": "Chưa xử lý",
      "ApiKey": null,
      "ProxyKey": null,
      "FileName": "audio_2.mp3",
      "HasSRT": false,
      "IsSelected": false,
      "CharacterCount": 205,
      "VoiceId": "9BWtsMINqrJLrRacOk9x"
    },
    {
      "Id": "d2fe5e18-a44b-44a8-9ae1-9aceeebaa881",
      "Content": "Hôm nay, chúng ta sẽ cùng khám phá một chủ đề gây sốc: Giáo hoàng León XIV đã hủy bỏ 12 giáo điều cốt lõi của Giáo hội Công giáo, gây ra một cơn địa chấn thần học làm chia rẽ dư luận trên toàn thế giới.",
      "Status": "Chưa xử lý",
      "ApiKey": null,
      "ProxyKey": null,
      "FileName": "audio_3.mp3",
      "HasSRT": false,
      "IsSelected": true,
      "CharacterCount": 202,
      "VoiceId": "CYw3kZ02Hs0563khs1Fj"
    },
    {
      "Id": "b7932cd0-72dc-473d-bc60-2e42216d1221",
      "Content": "Từ việc chấm dứt độc quyền chân lý Công giáo đến mở cửa cho đa dạng giớ i, chúng ta sẽ tìm hiểu ý nghĩa của sự thay đổi lịch sử này đối với đức tin và tương lai của Giáo hội. Nếu thấy hay, đừng quên nhấn đăng ký kênh để không bỏ lỡ các video tiếp theo. Nào, bắt đầu thôi!",
      "Status": "Chưa xử lý",
      "ApiKey": null,
      "ProxyKey": null,
      "FileName": "audio_4.mp3",
      "HasSRT": false,
      "IsSelected": true,
      "CharacterCount": 271,
      "VoiceId": "CYw3kZ02Hs0563khs1Fj"
    },
    {
      "Id": "fb4b0325-8b7c-4978-99bd-3e1f447fa93b",
      "Content": "Ghi chú: Đoạn giới thiệu được viết bằng tiếng Tây Ban Nha theo yêu cầu, đảm bảo ngắn gọn, hấp dẫn, và đúng nội dung video (dựa trên bảng chép lời). Thời lượng khoảng 30 giây khi đọc với tốc độ bình thường. Nếu bạn cần chỉnh sửa hoặc thêm yếu tố khác, vui lòng cho biết!",
      "Status": "Chưa xử lý",
      "ApiKey": null,
      "ProxyKey": null,
      "FileName": "audio_5.mp3",
      "HasSRT": false,
      "IsSelected": false,
      "CharacterCount": 269,
      "VoiceId": "CYw3kZ02Hs0563khs1Fj"
    },
    {
      "Id": "647471a2-f7e4-4b1d-84d8-b42ebd31da04",
      "Content": "Introducción en español (aproximadamente 30 segundos) ¡Hola a todos, bienvenidos y que tengan un día maravilloso!",
      "Status": "Chưa xử lý",
      "ApiKey": null,
      "ProxyKey": null,
      "FileName": "audio_6.mp3",
      "HasSRT": false,
      "IsSelected": false,
      "CharacterCount": 113,
      "VoiceId": "CYw3kZ02Hs0563khs1Fj"
    },
    {
      "Id": "c7849530-aa4d-4ef8-86b9-d0514ffc019f",
      "Content": "Hoy nos sumergiremos juntos en un tema impactante: el Papa León XIV ha derogado 12 dogmas fundamentales de la Iglesia Católica, desencadenando un terremoto teológico que está dividiendo opiniones en todo el mundo.",
      "Status": "Chưa xử lý",
      "ApiKey": null,
      "ProxyKey": null,
      "FileName": "audio_7.mp3",
      "HasSRT": false,
      "IsSelected": false,
      "CharacterCount": 213,
      "VoiceId": "9BWtsMINqrJLrRacOk9x"
    },
    {
      "Id": "b7444238-2edd-4a2e-8a13-750438b2f47d",
      "Content": "Desde el fin del monopolio de la verdad católica hasta la apertura a la diversidad de género, exploraremos qué significa este cambio histórico para la fe y el futuro de la Iglesia. Si les parece interesante, no olviden suscribirse al canal para no perderse nuestros próximos videos. ¡Comencemos!",
      "Status": "Chưa xử lý",
      "ApiKey": null,
      "ProxyKey": null,
      "FileName": "audio_8.mp3",
      "HasSRT": false,
      "IsSelected": false,
      "CharacterCount": 295,
      "VoiceId": "CYw3kZ02Hs0563khs1Fj"
    },
    {
      "Id": "194045c8-c8dd-4836-a788-91ae1fcfdb27",
      "Content": "Dịch sang tiếng Việt (để kiểm tra): Xin chào mọi người, chúc mọi người một ngày tuyệt vời! Hôm nay, chúng ta sẽ cùng khám phá một chủ đề gây sốc: Giáo hoàng León XIV đã hủy bỏ 12 giáo điều cốt lõi của Giáo hội Công giáo, gây ra một cơn địa chấn thần học làm chia rẽ dư luận trên toàn thế giới.",
      "Status": "Chưa xử lý",
      "ApiKey": null,
      "ProxyKey": null,
      "FileName": "audio_9.mp3",
      "HasSRT": false,
      "IsSelected": false,
      "CharacterCount": 293,
      "VoiceId": "5Q0t7uMcjvnagumLfvZi"
    },
    {
      "Id": "f390212c-dc02-4c4e-95e0-46db3e00fd74",
      "Content": "Từ việc chấm dứt độc quyền chân lý Công giáo đến mở cửa cho đa dạng giớ i, chúng ta sẽ tìm hiểu ý nghĩa của sự thay đổi lịch sử này đối với đức tin và tương lai của Giáo hội. Nếu thấy hay, đừng quên nhấn đăng ký kênh để không bỏ lỡ các video tiếp theo. Nào, bắt đầu thôi!",
      "Status": "Chưa xử lý",
      "ApiKey": null,
      "ProxyKey": null,
      "FileName": "audio_10.mp3",
      "HasSRT": false,
      "IsSelected": false,
      "CharacterCount": 271,
      "VoiceId": "9BWtsMINqrJLrRacOk9x"
    },
    {
      "Id": "a74a928e-9a06-4b1e-bc89-08abbaaba006",
      "Content": "Ghi chú: Đoạn giới thiệu được viết bằng tiếng Tây Ban Nha theo yêu cầu, đảm bảo ngắn gọn, hấp dẫn, và đúng nội dung video (dựa trên",
      "Status": "Chưa xử lý",
      "ApiKey": null,
      "ProxyKey": null,
      "FileName": "audio_11.mp3",
      "HasSRT": false,
      "IsSelected": false,
      "CharacterCount": 131,
      "VoiceId": "CYw3kZ02Hs0563khs1Fj"
    },
    {
      "Id": "3916d2c8-a03d-402b-b368-fc470d437451",
      "Content": "dsadasdas",
      "Status": "Chưa xử lý",
      "ApiKey": null,
      "ProxyKey": null,
      "FileName": "audio_12.mp3",
      "HasSRT": false,
      "IsSelected": false,
      "CharacterCount": 9,
      "VoiceId": "9BWtsMINqrJLrRacOk9x"
    }
  ]
}